family,items,positions,layers,captured_cells,planned_cells,status
agentic_misalignment,32,50612,"[20, 24, 28, 32, 36, 40, 44, 48, 52, 56, 60]",556732,607344,"counted existing capture; plan adds L63: extrapolated on same captured positions, not re-tokenized"
jailbreak_recognition,86,28799,"[20, 36, 44, 52, 60]",143995,143995,counted existing capture
arithmetic_intermediates,596,22022,"[56, 60]",44044,44044,counted existing capture
chain_intermediates,120,3000,"[20, 24, 28, 32, 36, 40, 44, 48, 52, 56, 60]",33000,33000,counted existing capture
brew_intermediates,100,2400,"[20, 24, 28, 32, 36, 40, 44, 48, 52, 56, 60]",26400,26400,counted existing capture
user_modeling,100,2112,"[20, 24, 28, 32, 36, 40, 44, 48, 52, 56, 60]",23232,23232,counted existing capture
conjunctive_association,100,1900,"[20, 28, 36, 44, 52, 60]",11400,11400,counted existing capture
role_bound_association,100,1900,"[20, 28, 36, 44, 52, 60]",11400,11400,counted existing capture
moral_rationale,200,1000,"[20, 24, 28, 32, 36, 40, 44, 48, 52, 56, 60]",11000,11000,counted existing capture
directed_modulation,100,808,"[20, 24, 28, 32, 36, 40, 44, 48, 52, 56, 60]",8888,8888,counted existing capture
hallucination,149,1123,"[20, 36, 44, 52, 60]",5615,5615,counted existing capture
jlens_concept_pr,299,299,"[20, 24, 28, 32, 36, 40, 44, 48, 52, 56, 60]",,3289,manifest grid; input_ids absent from this fork; prose reader only
multi_concept_directed_modulation,27,324,"[44, 52, 56, 60]",1296,1296,counted existing capture
association,100,100,"[20, 24, 28, 32, 36, 40, 44, 48, 52, 56, 60]",1100,1100,counted existing capture
basic_readout,100,100,"[20, 24, 28, 32, 36, 40, 44, 48, 52, 56, 60]",1100,1100,counted existing capture
basic_readout_mt,100,100,"[20, 24, 28, 32, 36, 40, 44, 48, 52, 56, 60]",,1100,planned final-token grid; no capture in inspected directory
multihop,100,100,"[20, 24, 28, 32, 36, 40, 44, 48, 52, 56, 60]",1100,1100,counted existing capture
multihop_mt,100,100,"[20, 24, 28, 32, 36, 40, 44, 48, 52, 56, 60]",,1100,planned final-token grid; no capture in inspected directory
multilingual,100,100,"[20, 24, 28, 32, 36, 40, 44, 48, 52, 56, 60]",1100,1100,counted existing capture
multilingual_mt,100,100,"[20, 24, 28, 32, 36, 40, 44, 48, 52, 56, 60]",,1100,planned final-token grid; no capture in inspected directory
multilingual_typo,100,100,"[20, 24, 28, 32, 36, 40, 44, 48, 52, 56, 60]",,1100,planned final-token grid; no capture in inspected directory
poetry,100,100,"[20, 24, 28, 32, 36, 40, 44, 48, 52, 56, 60]",1100,1100,counted existing capture
relational_multihop,100,100,"[20, 24, 28, 32, 36, 40, 44, 48, 52, 56, 60]",1100,1100,counted existing capture
typo,100,100,"[20, 24, 28, 32, 36, 40, 44, 48, 52, 56, 60]",1100,1100,counted existing capture
typo_mt,100,100,"[20, 24, 28, 32, 36, 40, 44, 48, 52, 56, 60]",,1100,planned final-token grid; no capture in inspected directory
multilingual_multihop,98,98,"[20, 24, 28, 32, 36, 40, 44, 48, 52, 56, 60]",,1078,planned final-token grid; no capture in inspected directory
buggy_code,49,49,"[56, 60]",49,49,counted existing capture
